method,seed,map_id,workload,num_task_finished,throughput_per_timestep,mandatory_bootstrap_calls,post_bootstrap_publication_count,publication_budget,budget_violation_count,generator_seconds,simulator_seconds,elapsed_seconds
context_learned_lite,17,warehouse_small_narrow_kiva,abrupt,3839,1.9195,1,3,25,0,0.086050008,41.815589812,103.99681697227061
context_memory_B25,17,warehouse_small_narrow_kiva,abrupt,3839,1.9195,1,7,25,0,0.108223245,42.251975865999995,91.66969922278076
exact_even_B25,17,warehouse_small_narrow_kiva,abrupt,3886,1.943,1,25,25,0,0.16736989200000002,43.51595565199998,93.01496906671673
context_learned_lite,17,warehouse_small_narrow_kiva,recurrent,3925,1.9625,1,2,25,0,0.060325509,44.452784840000014,117.49498468264937
context_memory_B25,17,warehouse_small_narrow_kiva,recurrent,3883,1.9415,1,11,25,0,0.096895668,40.90780804,99.92453762795776
exact_even_B25,17,warehouse_small_narrow_kiva,recurrent,3930,1.965,1,25,25,0,0.11780754799999998,41.46302544500001,104.67057709116489
context_learned_lite,17,warehouse_small_narrow_kiva,stationary,3798,1.899,1,1,25,0,0.006961450000000001,44.289014461,100.09934457018971
context_memory_B25,17,warehouse_small_narrow_kiva,stationary,3873,1.9365,1,9,25,0,0.011260349,42.03896922699999,83.20229064300656
exact_even_B25,17,warehouse_small_narrow_kiva,stationary,3818,1.909,1,25,25,0,0.126184548,42.55332988499998,88.51656476873904
context_learned_lite,18,warehouse_small_narrow_kiva,abrupt,3719,1.8595,1,2,25,0,0.054387783,43.05654518299999,104.00560233183205
context_memory_B25,18,warehouse_small_narrow_kiva,abrupt,3880,1.94,1,10,25,0,0.042928743,41.97722917699999,92.41963603999466
exact_even_B25,18,warehouse_small_narrow_kiva,abrupt,3919,1.9595,1,25,25,0,0.284543332,42.03393647500001,93.99535947199911
context_learned_lite,18,warehouse_small_narrow_kiva,recurrent,3589,1.7945,1,3,25,0,0.008692183999999999,41.721006761,114.57506166305393
context_memory_B25,18,warehouse_small_narrow_kiva,recurrent,3887,1.9435,1,12,25,0,0.16008093799999998,39.257295000999996,99.96984322555363
exact_even_B25,18,warehouse_small_narrow_kiva,recurrent,3901,1.9505,1,25,25,0,0.32946873200000004,40.499740034999995,101.59344812389463
context_learned_lite,18,warehouse_small_narrow_kiva,stationary,3961,1.9805,1,2,25,0,0.097421645,42.613589096,94.21554375067353
context_memory_B25,18,warehouse_small_narrow_kiva,stationary,3938,1.969,1,8,25,0,0.022432049000000003,43.25756113600001,82.91360706929117
exact_even_B25,18,warehouse_small_narrow_kiva,stationary,3935,1.9675,1,25,25,0,0.115696987,41.22743089100001,81.87805173080415
context_learned_lite,19,warehouse_small_narrow_kiva,abrupt,3813,1.9065,1,2,25,0,0.082374026,44.205050446999984,116.26359288394451
context_memory_B25,19,warehouse_small_narrow_kiva,abrupt,3883,1.9415,1,10,25,0,0.20992722800000002,40.420110473,99.9062958015129
exact_even_B25,19,warehouse_small_narrow_kiva,abrupt,3909,1.9545,1,25,25,0,0.4131054739999999,41.22560620999999,102.11247675586492
context_learned_lite,19,warehouse_small_narrow_kiva,recurrent,3929,1.9645,1,2,25,0,0.172611114,49.56573101499999,120.87988418154418
context_memory_B25,19,warehouse_small_narrow_kiva,recurrent,3905,1.9525,1,11,25,0,0.028395405,46.259978033,104.77682267595083
exact_even_B25,19,warehouse_small_narrow_kiva,recurrent,3910,1.955,1,25,25,0,0.19594506900000003,47.168140917000024,106.79574007634073
context_learned_lite,19,warehouse_small_narrow_kiva,stationary,3863,1.9315,1,2,25,0,0.071893145,40.09782385299999,104.8180075995624
context_memory_B25,19,warehouse_small_narrow_kiva,stationary,3871,1.9355,1,8,25,0,0.026517656999999997,40.57245564500003,90.19588486291468
exact_even_B25,19,warehouse_small_narrow_kiva,stationary,3914,1.957,1,25,25,0,0.509639661,39.952395261000014,90.90526768378913
context_learned_lite,20,warehouse_small_narrow_kiva,abrupt,3768,1.884,1,2,25,0,0.125067343,43.669988284000006,116.57081055920571
context_memory_B25,20,warehouse_small_narrow_kiva,abrupt,3941,1.9705,1,10,25,0,0.039451074,43.270185953000016,105.39188871067017
exact_even_B25,20,warehouse_small_narrow_kiva,abrupt,3947,1.9735,1,25,25,0,0.37900479,40.87607364599999,102.99703639466316
context_learned_lite,20,warehouse_small_narrow_kiva,recurrent,3926,1.963,1,3,25,0,0.015368251000000001,45.285334989000006,117.06702587008476
context_memory_B25,20,warehouse_small_narrow_kiva,recurrent,3952,1.976,1,10,25,0,0.122184456,45.09751936400001,103.19663419574499
exact_even_B25,20,warehouse_small_narrow_kiva,recurrent,3947,1.9735,1,25,25,0,0.714884164,46.46386566699999,106.08989150449634
context_learned_lite,20,warehouse_small_narrow_kiva,stationary,3919,1.9595,1,1,25,0,0.073410323,48.80076314800001,107.20613239053637
context_memory_B25,20,warehouse_small_narrow_kiva,stationary,3854,1.927,1,6,25,0,0.020105861,44.089378243,92.3129620756954
exact_even_B25,20,warehouse_small_narrow_kiva,stationary,3925,1.9625,1,25,25,0,0.377763561,46.26250124700001,95.78050009068102
context_learned_lite,21,warehouse_small_narrow_kiva,abrupt,3730,1.865,1,2,25,0,0.081183108,46.86194000500001,118.31017211358994
context_memory_B25,21,warehouse_small_narrow_kiva,abrupt,3917,1.9585,1,10,25,0,0.04341478099999999,47.484694092000005,103.60155777446926
exact_even_B25,21,warehouse_small_narrow_kiva,abrupt,3948,1.974,1,25,25,0,0.20897976999999998,46.13805457300001,106.50164038408548
context_learned_lite,21,warehouse_small_narrow_kiva,recurrent,3718,1.859,1,1,25,0,0.008527567,41.496250091,112.90263530984521
context_memory_B25,21,warehouse_small_narrow_kiva,recurrent,3852,1.926,1,9,25,0,0.020488365,41.304718609000005,100.78529965691268
exact_even_B25,21,warehouse_small_narrow_kiva,recurrent,3921,1.9605,1,25,25,0,0.34160515599999997,41.944231358000025,104.09273407235742
context_learned_lite,21,warehouse_small_narrow_kiva,stationary,3933,1.9665,1,1,25,0,0.020822191,41.44827459300001,105.91561376769096
context_memory_B25,21,warehouse_small_narrow_kiva,stationary,3930,1.965,1,7,25,0,0.153120699,40.49301165200001,88.79850272275507
exact_even_B25,21,warehouse_small_narrow_kiva,stationary,3945,1.9725,1,25,25,0,0.25411246899999995,41.95734249500003,93.92800187692046
context_learned_lite,22,warehouse_small_narrow_kiva,abrupt,3819,1.9095,1,2,25,0,0.12384566999999999,42.086448602000004,101.18233369570225
context_memory_B25,22,warehouse_small_narrow_kiva,abrupt,3898,1.949,1,11,25,0,0.103842123,43.591276928999996,90.21364433225244
exact_even_B25,22,warehouse_small_narrow_kiva,abrupt,3920,1.96,1,25,25,0,0.665018504,42.72407429599999,94.53008969966322
context_learned_lite,22,warehouse_small_narrow_kiva,recurrent,3911,1.9555,1,2,25,0,0.073767179,43.04060902400003,107.69067138899118
context_memory_B25,22,warehouse_small_narrow_kiva,recurrent,3899,1.9495,1,11,25,0,0.092562705,43.03067313300001,93.82766139507294
exact_even_B25,22,warehouse_small_narrow_kiva,recurrent,3916,1.958,1,25,25,0,0.257751061,40.86376871899999,94.20709334407002
context_learned_lite,22,warehouse_small_narrow_kiva,stationary,3639,1.8195,1,1,25,0,0.009718240999999999,45.941797378,103.92894667759538
context_memory_B25,22,warehouse_small_narrow_kiva,stationary,3869,1.9345,1,7,25,0,0.011460933999999999,46.585066262999995,92.39161322917789
exact_even_B25,22,warehouse_small_narrow_kiva,stationary,3921,1.9605,1,25,25,0,0.44826765900000004,45.96567712799999,93.13465882837772
context_learned_lite,23,warehouse_small_narrow_kiva,abrupt,3685,1.8425,1,2,25,0,0.009789026000000001,39.763714015,103.01710727624595
context_memory_B25,23,warehouse_small_narrow_kiva,abrupt,3921,1.9605,1,7,25,0,0.14419822300000001,41.981111218,90.01705535221845
exact_even_B25,23,warehouse_small_narrow_kiva,abrupt,3937,1.9685,1,25,25,0,0.4398517189999999,43.27591208300002,94.29072989430279
context_learned_lite,23,warehouse_small_narrow_kiva,recurrent,3768,1.884,1,2,25,0,0.099131346,46.980844358,118.9951240029186
context_memory_B25,23,warehouse_small_narrow_kiva,recurrent,3797,1.8985,1,11,25,0,0.154849276,45.86763514099999,103.1881611701101
exact_even_B25,23,warehouse_small_narrow_kiva,recurrent,3894,1.947,1,25,25,0,0.2754143720000001,46.27437908599998,106.30444537475705
context_learned_lite,23,warehouse_small_narrow_kiva,stationary,3915,1.9575,1,1,25,0,0.010933291,43.521978708,101.57592456787825
context_memory_B25,23,warehouse_small_narrow_kiva,stationary,3847,1.9235,1,10,25,0,0.019304167,39.747525942,86.83605458308011
exact_even_B25,23,warehouse_small_narrow_kiva,stationary,3924,1.962,1,25,25,0,0.3934394679999999,41.17378865600001,93.9847063338384
context_learned_lite,24,warehouse_small_narrow_kiva,abrupt,3580,1.79,1,1,25,0,0.09341775899999999,45.312007255,118.10268978308886
context_memory_B25,24,warehouse_small_narrow_kiva,abrupt,3906,1.953,1,10,25,0,0.14835507900000003,45.107792622,103.08155395556241
exact_even_B25,24,warehouse_small_narrow_kiva,abrupt,3919,1.9595,1,25,25,0,0.26342190199999993,44.35434219299999,106.09937723819166
context_learned_lite,24,warehouse_small_narrow_kiva,recurrent,3909,1.9545,1,2,25,0,0.08674546100000001,44.72034513900001,105.48820434510708
context_memory_B25,24,warehouse_small_narrow_kiva,recurrent,3870,1.935,1,11,25,0,0.028107165,40.576093163,90.79045204538852
exact_even_B25,24,warehouse_small_narrow_kiva,recurrent,3952,1.976,1,25,25,0,0.332181899,41.955142447,95.47701298631728
context_learned_lite,24,warehouse_small_narrow_kiva,stationary,3910,1.955,1,1,25,0,0.010733354,42.86317404999999,106.6775983730331
context_memory_B25,24,warehouse_small_narrow_kiva,stationary,3885,1.9425,1,7,25,0,0.014156977000000001,42.31767270700001,90.38191130477935
exact_even_B25,24,warehouse_small_narrow_kiva,stationary,3908,1.954,1,25,25,0,0.339513318,41.450463524999996,93.79928260296583
context_learned_lite,25,warehouse_small_narrow_kiva,abrupt,3543,1.7715,1,1,25,0,0.010327562,41.15194413499998,113.68031448498368
context_memory_B25,25,warehouse_small_narrow_kiva,abrupt,3915,1.9575,1,9,25,0,0.204724934,39.80347078199999,98.60299693793058
exact_even_B25,25,warehouse_small_narrow_kiva,abrupt,3860,1.93,1,25,25,0,0.39189997800000004,41.96525691700001,104.79642616771162
context_learned_lite,25,warehouse_small_narrow_kiva,recurrent,3873,1.9365,1,2,25,0,0.07431380600000001,37.080502296999995,96.21452337410301
context_memory_B25,25,warehouse_small_narrow_kiva,recurrent,3871,1.9355,1,11,25,0,0.24538546499999997,42.135134900999994,89.90810032747686
exact_even_B25,25,warehouse_small_narrow_kiva,recurrent,3931,1.9655,1,25,25,0,0.39626594200000004,42.84584714699997,92.90543724782765
context_learned_lite,25,warehouse_small_narrow_kiva,stationary,3927,1.9635,1,1,25,0,0.015869975,39.84390697099999,89.69683355558664
context_memory_B25,25,warehouse_small_narrow_kiva,stationary,3876,1.938,1,9,25,0,0.014035959,41.97927712800002,79.21126447618008
exact_even_B25,25,warehouse_small_narrow_kiva,stationary,3937,1.9685,1,25,25,0,0.23565248800000002,42.93669024,80.77574705518782
context_learned_lite,26,warehouse_small_narrow_kiva,abrupt,3819,1.9095,1,2,25,0,0.08659931400000001,45.51707720100001,119.67116289678961
context_memory_B25,26,warehouse_small_narrow_kiva,abrupt,3874,1.937,1,9,25,0,0.105474349,47.54955777799999,102.76307477708906
exact_even_B25,26,warehouse_small_narrow_kiva,abrupt,3938,1.969,1,25,25,0,0.22946295,46.472675796,105.51164282020181
context_learned_lite,26,warehouse_small_narrow_kiva,recurrent,3923,1.9615,1,2,25,0,0.086345175,46.34820448899996,121.2978485217318
context_memory_B25,26,warehouse_small_narrow_kiva,recurrent,3802,1.901,1,10,25,0,0.023501463,43.67232633799999,102.20125321857631
exact_even_B25,26,warehouse_small_narrow_kiva,recurrent,3926,1.963,1,25,25,0,0.382583588,45.23720361300002,105.19193892274052
context_learned_lite,26,warehouse_small_narrow_kiva,stationary,3915,1.9575,1,1,25,0,0.074979972,44.930538171000016,105.06018823385239
context_memory_B25,26,warehouse_small_narrow_kiva,stationary,3912,1.956,1,7,25,0,0.072477099,46.313503457000024,93.09780591633171
exact_even_B25,26,warehouse_small_narrow_kiva,stationary,3948,1.974,1,25,25,0,0.6542816850000001,46.88586034499998,95.61489214934409
