run_id,scenario_id,method,map_id,workload,n_agents,horizon,decision_interval,shift_steps,task_tape_hash,layout_seed,start_seed,task_seed,execution_seed,controller_seed,completed,throughput,total_wait,active_agent_steps,wait_rate,path_length,shortest_path_length,refresh_count,bootstrap_refresh_count,refresh_rate,budget_violation,wall_time_seconds,controller_seconds,refresh_seconds,bootstrap_refresh_seconds,route_plan_seconds,collision_count,deadlocked
08b9bc9029e9776b,1fcf73a36de0289b,shortest,two_corridor,static,24,250,5,[],168745da4d3202f3,101,10101,20101,30101,4031,66,0.264,1107,6000,0.1845,4893,1072,0,0,0.0,0,0.01997375,0.0,0.0,0.0,0.01520230400000001,0,False
4e26078cc0f27b2d,1fcf73a36de0289b,always_refresh,two_corridor,static,24,250,5,[],168745da4d3202f3,101,10101,20101,30101,11276,148,0.592,405,6000,0.0675,5595,2431,50,1,1.0,0,0.158026,1.0959999999999997e-05,0.11566899800000002,0.002433709,0.02587307800000001,0,False
862470176262a3d2,1fcf73a36de0289b,always_reuse,two_corridor,static,24,250,5,[],168745da4d3202f3,101,10101,20101,30101,8486,66,0.264,1107,6000,0.1845,4893,1072,1,1,0.02,0,0.030379541,7.746999999999999e-06,0.002948958,0.002948958,0.016727156999999996,0,False
a61921943e851278,1fcf73a36de0289b,periodic_20,two_corridor,static,24,250,5,[],168745da4d3202f3,101,10101,20101,30101,5641,86,0.344,530,6000,0.08833333333333333,5470,1389,13,1,0.26,0,0.05964075,3.254100000000001e-05,0.028430085,0.002422417,0.018588081000000013,0,False
ebd3a44051ede45a,1fcf73a36de0289b,periodic_50,two_corridor,static,24,250,5,[],168745da4d3202f3,101,10101,20101,30101,5671,106,0.424,865,6000,0.14416666666666667,5135,1713,5,1,0.1,0,0.045034583,3.5787e-05,0.010961289,0.002336166,0.020675332,0,False
d134ad2915121419,1fcf73a36de0289b,drift_25,two_corridor,static,24,250,5,[],168745da4d3202f3,101,10101,20101,30101,2975,98,0.392,697,6000,0.11616666666666667,5303,1589,12,1,0.24,0,0.059285708,5.5914000000000014e-05,0.026533374000000005,0.002351666,0.01959108799999999,0,False
ec51c0342e969ec1,1fcf73a36de0289b,drift_10,two_corridor,static,24,250,5,[],168745da4d3202f3,101,10101,20101,30101,2928,72,0.288,985,6000,0.16416666666666666,5015,1164,4,1,0.08,0,0.037384,5.0291000000000004e-05,0.009082959,0.002341375,0.017072547000000004,0,False
190e8148b8b975f8,1fcf73a36de0289b,betg_25,two_corridor,static,24,250,5,[],168745da4d3202f3,101,10101,20101,30101,2206,127,0.508,629,6000,0.10483333333333333,5371,2051,13,1,0.26,0,0.06890225,0.002139914999999999,0.028558790999999997,0.002375542,0.021900177999999992,0,False
832921c761021cc9,1fcf73a36de0289b,betg_10,two_corridor,static,24,250,5,[],168745da4d3202f3,101,10101,20101,30101,2165,106,0.424,865,6000,0.14416666666666667,5135,1713,5,1,0.1,0,0.051933792,0.0022339190000000004,0.012246666,0.002388708,0.021830595999999994,0,False
f7ec7922c8a0259d,a6e7a7a728ad9203,shortest,two_corridor,static,24,250,5,[],bd40f2b3e1435553,102,10102,20102,30102,14031,31,0.124,1103,6000,0.18383333333333332,4897,537,0,0,0.0,0,0.017490583,0.0,0.0,0.0,0.014204917,0,False
0cbbbdc701a2b3aa,a6e7a7a728ad9203,always_refresh,two_corridor,static,24,250,5,[],bd40f2b3e1435553,102,10102,20102,30102,21276,133,0.532,483,6000,0.0805,5517,2213,50,1,1.0,0,0.148137667,9.169e-06,0.112049418,0.002600458,0.020875160999999986,0,False
0d8494cff68ab02d,a6e7a7a728ad9203,always_reuse,two_corridor,static,24,250,5,[],bd40f2b3e1435553,102,10102,20102,30102,18486,31,0.124,1103,6000,0.18383333333333332,4897,537,1,1,0.02,0,0.02585675,6.662999999999996e-06,0.002548541,0.002548541,0.015470584000000008,0,False
583684245b700cec,a6e7a7a728ad9203,periodic_20,two_corridor,static,24,250,5,[],bd40f2b3e1435553,102,10102,20102,30102,15641,83,0.332,612,6000,0.102,5388,1369,13,1,0.26,0,0.061012875,3.2545000000000015e-05,0.029422585,0.002699583,0.019187760000000005,0,False
b5b2776dbf393619,a6e7a7a728ad9203,periodic_50,two_corridor,static,24,250,5,[],bd40f2b3e1435553,102,10102,20102,30102,15671,84,0.336,852,6000,0.142,5148,1383,5,1,0.1,0,0.042133875,3.042299999999999e-05,0.011122917,0.002571584,0.01922133700000001,0,False
02be3be410b819b2,a6e7a7a728ad9203,drift_25,two_corridor,static,24,250,5,[],bd40f2b3e1435553,102,10102,20102,30102,12975,108,0.432,691,6000,0.11516666666666667,5309,1796,11,1,0.22,0,0.059101583,5.224700000000001e-05,0.024911832999999998,0.002538917,0.021143784000000016,0,False
53ff03f0d0665e4c,a6e7a7a728ad9203,drift_10,two_corridor,static,24,250,5,[],bd40f2b3e1435553,102,10102,20102,30102,12928,95,0.38,801,6000,0.1335,5199,1587,5,1,0.1,0,0.044870042,4.9372e-05,0.011979417,0.002617625,0.020847789,0,False
9bba413e6fc06b4d,a6e7a7a728ad9203,betg_25,two_corridor,static,24,250,5,[],bd40f2b3e1435553,102,10102,20102,30102,12206,81,0.324,623,6000,0.10383333333333333,5377,1344,13,1,0.26,0,0.064460583,0.0021162089999999995,0.029022874,0.002541291,0.019011044,0,False
6ba0a0d951c984ca,a6e7a7a728ad9203,betg_10,two_corridor,static,24,250,5,[],bd40f2b3e1435553,102,10102,20102,30102,12165,84,0.336,852,6000,0.142,5148,1383,5,1,0.1,0,0.0460415,0.0021001680000000003,0.011216208,0.002562,0.018881529999999997,0,False
0dd37a7d9d389b84,990307cb1597296a,shortest,two_corridor,static,24,250,5,[],8659a5e05eb52275,103,10103,20103,30103,24031,48,0.192,1216,6000,0.20266666666666666,4784,836,0,0,0.0,0,0.019515792,0.0,0.0,0.0,0.015738421000000002,0,False
6c38574e5ff21572,990307cb1597296a,always_refresh,two_corridor,static,24,250,5,[],8659a5e05eb52275,103,10103,20103,30103,31276,157,0.628,369,6000,0.0615,5631,2678,50,1,1.0,0,0.158859875,1.9211e-05,0.11719312599999997,0.002522125,0.025452884000000002,0,False
6ddd84c42b209cb6,990307cb1597296a,always_reuse,two_corridor,static,24,250,5,[],8659a5e05eb52275,103,10103,20103,30103,28486,48,0.192,1216,6000,0.20266666666666666,4784,836,1,1,0.02,0,0.02736475,7.667999999999997e-06,0.002524375,0.002524375,0.01601179000000001,0,False
fedd5f5f7ef5bb5f,990307cb1597296a,periodic_20,two_corridor,static,24,250,5,[],8659a5e05eb52275,103,10103,20103,30103,25641,80,0.32,552,6000,0.092,5448,1357,13,1,0.26,0,0.06062225,3.2878000000000006e-05,0.029507333999999996,0.002532625,0.01904138100000001,0,False
53abb1c461b32568,990307cb1597296a,periodic_50,two_corridor,static,24,250,5,[],8659a5e05eb52275,103,10103,20103,30103,25671,79,0.316,815,6000,0.13583333333333333,5185,1384,5,1,0.1,0,0.041857,3.058200000000001e-05,0.011449,0.002530375,0.018778991000000002,0,False
901b82ac661ece04,990307cb1597296a,drift_25,two_corridor,static,24,250,5,[],8659a5e05eb52275,103,10103,20103,30103,22975,84,0.336,728,6000,0.12133333333333333,5272,1432,12,1,0.24,0,0.058696375,5.745600000000001e-05,0.026598043000000002,0.002513542,0.020043720000000008,0,False
91e63afe36c867b9,990307cb1597296a,drift_10,two_corridor,static,24,250,5,[],8659a5e05eb52275,103,10103,20103,30103,22928,63,0.252,1051,6000,0.17516666666666666,4949,1113,5,1,0.1,0,0.039973291,5.016299999999999e-05,0.011433499,0.002611333,0.018156169000000003,0,False
f8dd273ac9f808da,990307cb1597296a,betg_25,two_corridor,static,24,250,5,[],8659a5e05eb52275,103,10103,20103,30103,22206,94,0.376,608,6000,0.10133333333333333,5392,1597,12,1,0.24,0,0.06241125,0.0021209600000000003,0.025893793999999998,0.002585084,0.01980187,0,False
8ee334d78f375a38,990307cb1597296a,betg_10,two_corridor,static,24,250,5,[],8659a5e05eb52275,103,10103,20103,30103,22165,82,0.328,837,6000,0.1395,5163,1409,5,1,0.1,0,0.046447292,0.0021157559999999995,0.011556959000000002,0.002544709,0.01896312100000002,0,False
538101d8dbd190bd,927bbed8c92a5ced,shortest,two_corridor,abrupt,24,250,5,[113],06874aa2f0385939,101,10101,20101,30101,4031,66,0.264,1032,6000,0.172,4968,1126,0,0,0.0,0,0.020462875,0.0,0.0,0.0,0.014651249000000007,0,False
27840ac429c770b2,927bbed8c92a5ced,always_refresh,two_corridor,abrupt,24,250,5,[113],06874aa2f0385939,101,10101,20101,30101,11276,159,0.636,434,6000,0.07233333333333333,5566,2630,50,1,1.0,0,0.155158,8.372e-06,0.11157024799999998,0.002344292,0.02543409299999999,0,False
55fec1395059b1ed,927bbed8c92a5ced,always_reuse,two_corridor,abrupt,24,250,5,[113],06874aa2f0385939,101,10101,20101,30101,8486,66,0.264,1032,6000,0.172,4968,1126,1,1,0.02,0,0.0319535,6.211e-06,0.002371834,0.002371834,0.018214252999999996,0,False
e8b6a8c27d6a23ec,927bbed8c92a5ced,periodic_20,two_corridor,abrupt,24,250,5,[113],06874aa2f0385939,101,10101,20101,30101,5641,90,0.36,549,6000,0.0915,5451,1585,13,1,0.26,0,0.060847125,3.187700000000003e-05,0.028650957999999997,0.002397417,0.01892524700000001,0,False
d3c7c3d8ee326eb6,927bbed8c92a5ced,periodic_50,two_corridor,abrupt,24,250,5,[113],06874aa2f0385939,101,10101,20101,30101,5671,103,0.412,923,6000,0.15383333333333332,5077,1742,5,1,0.1,0,0.046324667,3.033600000000002e-05,0.010927708000000001,0.002339584,0.021510254000000003,0,False
7da917549ac31484,927bbed8c92a5ced,drift_25,two_corridor,abrupt,24,250,5,[113],06874aa2f0385939,101,10101,20101,30101,2975,115,0.46,690,6000,0.115,5310,1940,12,1,0.24,0,0.063562916,5.437199999999999e-05,0.026938334,0.002353958,0.021575041000000003,0,False
20dc733b9524d705,927bbed8c92a5ced,drift_10,two_corridor,abrupt,24,250,5,[113],06874aa2f0385939,101,10101,20101,30101,2928,72,0.288,970,6000,0.16166666666666665,5030,1244,5,1,0.1,0,0.042278667,4.791600000000001e-05,0.011560125,0.002363625,0.018716292999999988,0,False
e69db8b4ad985000,927bbed8c92a5ced,betg_25,two_corridor,abrupt,24,250,5,[113],06874aa2f0385939,101,10101,20101,30101,2206,93,0.372,573,6000,0.0955,5427,1637,13,1,0.26,0,0.06417675,0.0021199580000000008,0.027725873999999998,0.002364125,0.01896433299999999,0,False
b4f5720ea96f49f9,927bbed8c92a5ced,betg_10,two_corridor,abrupt,24,250,5,[113],06874aa2f0385939,101,10101,20101,30101,2165,103,0.412,923,6000,0.15383333333333332,5077,1742,5,1,0.1,0,0.050523125,0.002112166,0.010914417000000001,0.002373208,0.021640249,0,False
bb6765ab8e1bf7eb,655a94d17bb23415,shortest,two_corridor,abrupt,24,250,5,[93],c8705e11e62e2027,102,10102,20102,30102,14031,70,0.28,1025,6000,0.17083333333333334,4975,1200,0,0,0.0,0,0.020158917,0.0,0.0,0.0,0.014619668999999998,0,False
94a2a5e9a42fb17f,655a94d17bb23415,always_refresh,two_corridor,abrupt,24,250,5,[93],c8705e11e62e2027,102,10102,20102,30102,21276,122,0.488,534,6000,0.089,5466,2064,50,1,1.0,0,0.152958958,8.625e-06,0.11561708200000002,0.002627292,0.021174122,0,False
993ba17fac36621f,655a94d17bb23415,always_reuse,two_corridor,abrupt,24,250,5,[93],c8705e11e62e2027,102,10102,20102,30102,18486,70,0.28,1025,6000,0.17083333333333334,4975,1200,1,1,0.02,0,0.030536084,6.543e-06,0.002560917,0.002560917,0.017748404000000006,0,False
fd96263651d7a600,655a94d17bb23415,periodic_20,two_corridor,abrupt,24,250,5,[93],c8705e11e62e2027,102,10102,20102,30102,15641,85,0.34,648,6000,0.108,5352,1484,13,1,0.26,0,0.067888542,3.1788000000000015e-05,0.030195875,0.00260125,0.024136411999999993,0,False
5370398525acbd8a,655a94d17bb23415,periodic_50,two_corridor,abrupt,24,250,5,[93],c8705e11e62e2027,102,10102,20102,30102,15671,84,0.336,882,6000,0.147,5118,1538,5,1,0.1,0,0.041941625,2.9505000000000003e-05,0.010768041999999999,0.002547958,0.019041370000000002,0,False
7ff98b966dc4ad52,655a94d17bb23415,drift_25,two_corridor,abrupt,24,250,5,[93],c8705e11e62e2027,102,10102,20102,30102,12975,128,0.512,625,6000,0.10416666666666667,5375,2226,13,1,0.26,0,0.065641958,5.242e-05,0.029305999,0.002541541,0.021763083999999995,0,False
46f580522c95c134,655a94d17bb23415,drift_10,two_corridor,abrupt,24,250,5,[93],c8705e11e62e2027,102,10102,20102,30102,12928,76,0.304,857,6000,0.14283333333333334,5143,1422,5,1,0.1,0,0.042446708,4.920900000000001e-05,0.012110791,0.002636208,0.01853367000000001,0,False
9dfc0f2a25e3a0a1,655a94d17bb23415,betg_25,two_corridor,abrupt,24,250,5,[93],c8705e11e62e2027,102,10102,20102,30102,12206,85,0.34,648,6000,0.108,5352,1484,13,1,0.26,0,0.067675334,0.0021089150000000007,0.030025624999999997,0.002587542,0.020014118000000004,0,False
22fa6ad063fbab53,655a94d17bb23415,betg_10,two_corridor,abrupt,24,250,5,[93],c8705e11e62e2027,102,10102,20102,30102,12165,84,0.336,882,6000,0.147,5118,1538,5,1,0.1,0,0.046582459,0.0020862079999999996,0.010832877,0.002559584,0.01940696600000001,0,False
0538378bec9b491f,f15f42489024774d,shortest,two_corridor,abrupt,24,250,5,[110],b12d7f64f322879c,103,10103,20103,30103,24031,49,0.196,1163,6000,0.19383333333333333,4837,881,0,0,0.0,0,0.020190709,0.0,0.0,0.0,0.015237694000000012,0,False
f44883a415f0f427,f15f42489024774d,always_refresh,two_corridor,abrupt,24,250,5,[110],b12d7f64f322879c,103,10103,20103,30103,31276,145,0.58,400,6000,0.06666666666666667,5600,2465,50,1,1.0,0,0.153127708,8.169000000000001e-06,0.11261408199999995,0.0025575,0.023207663000000014,0,False
dc173f911062eaa5,f15f42489024774d,always_reuse,two_corridor,abrupt,24,250,5,[110],b12d7f64f322879c,103,10103,20103,30103,28486,49,0.196,1163,6000,0.19383333333333333,4837,881,1,1,0.02,0,0.02921775,7.0819999999999984e-06,0.002644167,0.002644167,0.016929918999999995,0,False
0588304b0cf529f8,f15f42489024774d,periodic_20,two_corridor,abrupt,24,250,5,[110],b12d7f64f322879c,103,10103,20103,30103,25641,77,0.308,543,6000,0.0905,5457,1389,13,1,0.26,0,0.062930334,3.192300000000001e-05,0.03027845899999999,0.002621125,0.019337095999999998,0,False
9b72c5daccd0a9b7,f15f42489024774d,periodic_50,two_corridor,abrupt,24,250,5,[110],b12d7f64f322879c,103,10103,20103,30103,25671,85,0.34,882,6000,0.147,5118,1484,5,1,0.1,0,0.044347666,2.9997000000000015e-05,0.011699625000000002,0.002598291,0.019794041999999998,0,False
5c652763a7f38696,f15f42489024774d,drift_25,two_corridor,abrupt,24,250,5,[110],b12d7f64f322879c,103,10103,20103,30103,22975,83,0.332,653,6000,0.10883333333333334,5347,1475,13,1,0.26,0,0.061715625,5.3248000000000016e-05,0.028482375,0.002565,0.020129830999999997,0,False
549ebd898f65a711,f15f42489024774d,drift_10,two_corridor,abrupt,24,250,5,[110],b12d7f64f322879c,103,10103,20103,30103,22928,48,0.192,983,6000,0.16383333333333333,5017,905,5,1,0.1,0,0.039278125,4.903899999999999e-05,0.012107416000000001,0.002594375,0.016893037000000007,0,False
fc7af6150ed06408,f15f42489024774d,betg_25,two_corridor,abrupt,24,250,5,[110],b12d7f64f322879c,103,10103,20103,30103,22206,89,0.356,592,6000,0.09866666666666667,5408,1547,12,1,0.24,0,0.065858042,0.002108502,0.02776296,0.002536083,0.02000736599999998,0,False
497bd51b71d011d5,f15f42489024774d,betg_10,two_corridor,abrupt,24,250,5,[110],b12d7f64f322879c,103,10103,20103,30103,22165,85,0.34,882,6000,0.147,5118,1484,5,1,0.1,0,0.048977917,0.0021126680000000003,0.01178575,0.002535958,0.02009132399999999,0,False
d21208f1edb2f86e,865ba087f91821ee,shortest,two_corridor,recurring,24,250,5,"[80, 162]",2531bc4c4f521af1,101,10101,20101,30101,4031,70,0.28,1037,6000,0.17283333333333334,4963,1221,0,0,0.0,0,0.02043975,0.0,0.0,0.0,0.014702795999999999,0,False
21dcdc4ff8eb472d,865ba087f91821ee,always_refresh,two_corridor,recurring,24,250,5,"[80, 162]",2531bc4c4f521af1,101,10101,20101,30101,11276,136,0.544,414,6000,0.069,5586,2385,50,1,1.0,0,0.152251791,7.913999999999997e-06,0.11189387299999999,0.002365833,0.023680949000000003,0,False
300d9be175b32de2,865ba087f91821ee,always_reuse,two_corridor,recurring,24,250,5,"[80, 162]",2531bc4c4f521af1,101,10101,20101,30101,8486,70,0.28,1037,6000,0.17283333333333334,4963,1221,1,1,0.02,0,0.031308625,6.912999999999996e-06,0.002347708,0.002347708,0.017686797999999993,0,False
5fe54a740fbda9f9,865ba087f91821ee,periodic_20,two_corridor,recurring,24,250,5,"[80, 162]",2531bc4c4f521af1,101,10101,20101,30101,5641,83,0.332,595,6000,0.09916666666666667,5405,1540,13,1,0.26,0,0.062643583,3.249900000000001e-05,0.030111377,0.002423625,0.019346752999999998,0,False
1421f5957c358212,865ba087f91821ee,periodic_50,two_corridor,recurring,24,250,5,"[80, 162]",2531bc4c4f521af1,101,10101,20101,30101,5671,108,0.432,845,6000,0.14083333333333334,5155,2009,5,1,0.1,0,0.047164583,2.9338999999999998e-05,0.011474166000000001,0.002364416,0.021890875999999997,0,False
73dd2498ff52dc11,865ba087f91821ee,drift_25,two_corridor,recurring,24,250,5,"[80, 162]",2531bc4c4f521af1,101,10101,20101,30101,2975,83,0.332,662,6000,0.11033333333333334,5338,1434,13,1,0.26,0,0.061502583,5.354000000000002e-05,0.029306791,0.002347584,0.018986294999999983,0,False
169d1698c65d700c,865ba087f91821ee,drift_10,two_corridor,recurring,24,250,5,"[80, 162]",2531bc4c4f521af1,101,10101,20101,30101,2928,73,0.292,995,6000,0.16583333333333333,5005,1346,5,1,0.1,0,0.043464459,4.7625000000000006e-05,0.011907665,0.002360041,0.019211670999999996,0,False
4857f25badec1d8e,865ba087f91821ee,betg_25,two_corridor,recurring,24,250,5,"[80, 162]",2531bc4c4f521af1,101,10101,20101,30101,2206,102,0.408,636,6000,0.106,5364,1834,13,1,0.26,0,0.067138958,0.0021104609999999997,0.029521416,0.002357084,0.019769580000000002,0,False
f02aff0c1a6685e3,865ba087f91821ee,betg_10,two_corridor,recurring,24,250,5,"[80, 162]",2531bc4c4f521af1,101,10101,20101,30101,2165,108,0.432,845,6000,0.14083333333333334,5155,2009,5,1,0.1,0,0.05153125,0.002099878,0.011615251,0.002351417,0.021950633999999997,0,False
91a2d1ccc0a7f4bb,ec467b12ec864d5d,shortest,two_corridor,recurring,24,250,5,"[70, 178]",1b0598b50109922b,102,10102,20102,30102,14031,80,0.32,1034,6000,0.17233333333333334,4966,1441,0,0,0.0,0,0.020861541,0.0,0.0,0.0,0.014540585999999989,0,False
5a01b4bbd477bb3d,ec467b12ec864d5d,always_refresh,two_corridor,recurring,24,250,5,"[70, 178]",1b0598b50109922b,102,10102,20102,30102,21276,136,0.544,517,6000,0.08616666666666667,5483,2386,50,1,1.0,0,0.1533785,8.332e-06,0.11518962299999999,0.002642791,0.02203571800000001,0,False
3c5d2acc6c18156e,ec467b12ec864d5d,always_reuse,two_corridor,recurring,24,250,5,"[70, 178]",1b0598b50109922b,102,10102,20102,30102,18486,80,0.32,1034,6000,0.17233333333333334,4966,1441,1,1,0.02,0,0.032814292,6.831999999999998e-06,0.002650041,0.002650041,0.018625164000000007,0,False
e5cef316cc1352b6,ec467b12ec864d5d,periodic_20,two_corridor,recurring,24,250,5,"[70, 178]",1b0598b50109922b,102,10102,20102,30102,15641,105,0.42,557,6000,0.09283333333333334,5443,1927,13,1,0.26,0,0.066934708,3.191900000000002e-05,0.029990125000000003,0.002557792,0.022633413000000012,0,False
75b87e76859af7fa,ec467b12ec864d5d,periodic_50,two_corridor,recurring,24,250,5,"[70, 178]",1b0598b50109922b,102,10102,20102,30102,15671,67,0.268,826,6000,0.13766666666666666,5174,1272,5,1,0.1,0,0.042394459,3.042000000000001e-05,0.011600459,0.002552042,0.018897795999999998,0,False
96e41f710e068519,ec467b12ec864d5d,drift_25,two_corridor,recurring,24,250,5,"[70, 178]",1b0598b50109922b,102,10102,20102,30102,12975,103,0.412,711,6000,0.1185,5289,1892,13,1,0.26,0,0.066052875,5.307999999999999e-05,0.030362791000000004,0.002541875,0.02191246299999999,0,False
a08b52de4d742e2d,ec467b12ec864d5d,drift_10,two_corridor,recurring,24,250,5,"[70, 178]",1b0598b50109922b,102,10102,20102,30102,12928,65,0.26,805,6000,0.13416666666666666,5195,1272,5,1,0.1,0,0.041358375,4.9289000000000015e-05,0.011678751,0.002568084,0.01836186300000001,0,False
5e81c8e05b400e15,ec467b12ec864d5d,betg_25,two_corridor,recurring,24,250,5,"[70, 178]",1b0598b50109922b,102,10102,20102,30102,12206,105,0.42,557,6000,0.09283333333333334,5443,1927,13,1,0.26,0,0.070689917,0.0021285429999999997,0.029762289,0.002532834,0.022545916000000006,0,False
140cd02b65428e2f,ec467b12ec864d5d,betg_10,two_corridor,recurring,24,250,5,"[70, 178]",1b0598b50109922b,102,10102,20102,30102,12165,67,0.268,826,6000,0.13766666666666666,5174,1272,5,1,0.1,0,0.046804,0.00211075,0.011653333999999998,0.002574417,0.019060002,0,False
9507b7f76a46bc0b,02aebdc86f1e1eed,shortest,two_corridor,recurring,24,250,5,"[79, 177]",9e5a03d9afd0a506,103,10103,20103,30103,24031,82,0.328,1081,6000,0.18016666666666667,4919,1505,0,0,0.0,0,0.020746416,0.0,0.0,0.0,0.014487750999999997,0,False
4a342e84c8840d32,02aebdc86f1e1eed,always_refresh,two_corridor,recurring,24,250,5,"[79, 177]",9e5a03d9afd0a506,103,10103,20103,30103,31276,174,0.696,418,6000,0.06966666666666667,5582,3027,50,1,1.0,0,0.154429875,8.665e-06,0.11133579399999999,0.002537917,0.024702413999999992,0,False
5b468a9bb9752801,02aebdc86f1e1eed,always_reuse,two_corridor,recurring,24,250,5,"[79, 177]",9e5a03d9afd0a506,103,10103,20103,30103,28486,82,0.328,1081,6000,0.18016666666666667,4919,1505,1,1,0.02,0,0.033765625,7.0839999999999994e-06,0.002575667,0.002575667,0.019550627999999987,0,False
706261c9b6f6d44e,02aebdc86f1e1eed,periodic_20,two_corridor,recurring,24,250,5,"[79, 177]",9e5a03d9afd0a506,103,10103,20103,30103,25641,85,0.34,562,6000,0.09366666666666666,5438,1644,13,1,0.26,0,0.0606585,3.162300000000002e-05,0.028173125,0.002551042,0.019426541,0,False
0643af71e162af77,02aebdc86f1e1eed,periodic_50,two_corridor,recurring,24,250,5,"[79, 177]",9e5a03d9afd0a506,103,10103,20103,30103,25671,83,0.332,875,6000,0.14583333333333334,5125,1550,5,1,0.1,0,0.04358,2.967100000000001e-05,0.011598622999999999,0.002552708,0.019443835999999992,0,False
156ee00106f81c97,02aebdc86f1e1eed,drift_25,two_corridor,recurring,24,250,5,"[79, 177]",9e5a03d9afd0a506,103,10103,20103,30103,22975,81,0.324,643,6000,0.10716666666666666,5357,1522,13,1,0.26,0,0.06186225,5.287300000000001e-05,0.029632457999999997,0.002800417,0.019096175,0,False
b6f02bb7a579cb0f,02aebdc86f1e1eed,drift_10,two_corridor,recurring,24,250,5,"[79, 177]",9e5a03d9afd0a506,103,10103,20103,30103,22928,67,0.268,877,6000,0.14616666666666667,5123,1258,5,1,0.1,0,0.042828292,4.820900000000001e-05,0.012051249,0.0025425,0.018972420000000007,0,False
9a99e9b7f81a761c,02aebdc86f1e1eed,betg_25,two_corridor,recurring,24,250,5,"[79, 177]",9e5a03d9afd0a506,103,10103,20103,30103,22206,80,0.32,580,6000,0.09666666666666666,5420,1523,13,1,0.26,0,0.064665292,0.0021577479999999997,0.028673746,0.002529083,0.019202329000000008,0,False
07713a2fb2ce106c,02aebdc86f1e1eed,betg_10,two_corridor,recurring,24,250,5,"[79, 177]",9e5a03d9afd0a506,103,10103,20103,30103,22165,83,0.332,875,6000,0.14583333333333334,5125,1550,5,1,0.1,0,0.048359958,0.0021117110000000005,0.011753541,0.002546625,0.019803419000000003,0,False
