run_id,method,map_id,workload,n_agents,seed,selector_seed,horizon,completed,throughput,post_shift_completed_100,post_shift_throughput_100,post_shift_wait_rate_100,stale_fraction_auc,version_lag_auc,repair_event_count,repair_rebind_count,unique_field_build_count,new_task_rebind_count,new_task_unique_field_build_count,guidance_generation_seconds,exposure_seconds,repair_field_build_seconds,new_task_field_build_seconds,executor_seconds,wall_time_seconds,collision_count,deadlocked,trace_hash,task_tape_hash
1cc9fa48994f6452,lazy_0,two_corridor,abrupt,24,100,0,300,101,0.33666666666666667,63,0.63,0.13583333333333333,0.15713507625272333,0.15713507625272333,1,0,0,100,64,0.000135541,0.0001765,0.0,0.006861378999999998,0.014676044000000004,0.023791167,0,False,82207f971a6d1877,ffd85dfa12535970
58397499e02ed912,random_25,two_corridor,abrupt,24,100,1701,300,64,0.21333333333333335,49,0.49,0.15208333333333332,0.11138344226579522,0.11138344226579522,1,6,6,64,50,0.000112959,0.000167208,0.0006368340000000001,0.005354498,0.014919659000000005,0.023170542,0,False,ab4cecfb4c7647d6,ffd85dfa12535970
d9d3cb47ecdd8c82,random_25,two_corridor,abrupt,24,100,2903,300,75,0.25,43,0.43,0.16083333333333333,0.0920479302832244,0.0920479302832244,1,6,6,74,53,0.000106709,0.000180292,0.000659709,0.006767083,0.016424297999999997,0.028312542,0,False,e0e4917eed8bf22c,ffd85dfa12535970
d6d10f7bb58ed393,random_25,two_corridor,abrupt,24,100,4307,300,60,0.2,38,0.38,0.16375,0.11655773420479303,0.11655773420479303,1,6,6,60,45,0.000118125,0.000165917,0.00063279,0.004781624999999999,0.014845960000000005,0.02245,0,False,2fbf1dccbd20a21b,ffd85dfa12535970
0cda065ced0045b8,top_25,two_corridor,abrupt,24,100,0,300,66,0.22,52,0.52,0.17333333333333334,0.0988562091503268,0.0988562091503268,1,6,5,66,51,0.000106958,0.000171083,0.00054225,0.005526622,0.015095337999999996,0.023473459,0,False,b8636e8e7eb01327,ffd85dfa12535970
6649e77efb96c7a2,repair_all,two_corridor,abrupt,24,100,0,300,50,0.16666666666666666,33,0.33,0.17083333333333334,0.0,0.0,1,21,20,50,42,0.000116625,0.000167542,0.00211729,0.004612412,0.014537497000000002,0.023560959,0,False,5cbcf386d521524b,ffd85dfa12535970
675103f8eb8550c5,lazy_0,two_corridor,abrupt,24,101,0,300,103,0.3433333333333333,48,0.48,0.16208333333333333,0.14953703703703705,0.14953703703703705,1,0,0,103,71,0.000120584,0.000194625,0.0,0.007710702999999999,0.015539830000000004,0.025554625,0,False,9cbb0626d490deaa,a28da83d31a043fa
6d2919f1105940c5,random_25,two_corridor,abrupt,24,101,1701,300,129,0.43,55,0.55,0.16083333333333333,0.08333333333333333,0.08333333333333333,1,6,6,128,87,0.00010575,0.000196833,0.000650459,0.009263926000000002,0.015062910000000013,0.027293875,0,False,5cefc876a06eaac2,a28da83d31a043fa
97df87be79a0fa78,random_25,two_corridor,abrupt,24,101,2903,300,111,0.37,45,0.45,0.15583333333333332,0.08564814814814814,0.08564814814814814,1,6,6,111,75,0.000241834,0.00019225,0.000633833,0.007956204,0.014586999000000007,0.025632417,0,False,3ec3f295594a625a,a28da83d31a043fa
c24285b0e84384aa,random_25,two_corridor,abrupt,24,101,4307,300,106,0.35333333333333333,54,0.54,0.15041666666666667,0.08865740740740741,0.08865740740740741,1,6,6,106,75,0.0001005,0.000196834,0.0006425,0.007997167999999999,0.014754553000000016,0.025686333,0,False,ec787cc2199f07d0,a28da83d31a043fa
f56f1768b659ecae,top_25,two_corridor,abrupt,24,101,0,300,92,0.30666666666666664,47,0.47,0.15208333333333332,0.06666666666666667,0.06666666666666667,1,6,5,92,67,0.000102208,0.000193166,0.000528874,0.007075794,0.014768250000000002,0.024618417,0,False,462e67ad197dab25,a28da83d31a043fa
ec6187d32b5088f4,repair_all,two_corridor,abrupt,24,101,0,300,85,0.2833333333333333,44,0.44,0.18458333333333332,0.0,0.0,1,24,23,85,60,0.000105958,0.000193458,0.0024226250000000003,0.006353329999999999,0.014770044,0.025939208,0,False,3c878687e343625a,a28da83d31a043fa
97a17c61acd405ed,lazy_0,two_corridor,abrupt,24,102,0,300,117,0.39,54,0.54,0.14416666666666667,0.10438829787234043,0.10438829787234043,1,0,0,116,72,0.000103125,0.000185458,0.0,0.007682210000000001,0.014962709000000003,0.024941375,0,False,6160f5ee441b29cd,7958531922b6f2c2
5aa7273341654c39,random_25,two_corridor,abrupt,24,102,1701,300,76,0.25333333333333335,34,0.34,0.16958333333333334,0.07557624113475178,0.07557624113475178,1,6,6,76,58,0.000144083,0.000206625,0.000644,0.008311083000000002,0.018759828000000003,0.03041425,0,False,776665053baa1dc9,7958531922b6f2c2
d053390338ec190b,random_25,two_corridor,abrupt,24,102,2903,300,61,0.20333333333333334,30,0.3,0.17583333333333334,0.060726950354609927,0.060726950354609927,1,6,6,61,46,0.000110083,0.000185375,0.000626251,0.004957747000000002,0.014818621999999991,0.022676541,0,False,739568181b00b552,7958531922b6f2c2
fdb16d05626b63a9,random_25,two_corridor,abrupt,24,102,4307,300,67,0.22333333333333333,32,0.32,0.14875,0.06050531914893617,0.06050531914893617,1,6,6,67,51,0.000117208,0.0001955,0.000651583,0.005500702999999999,0.015161503000000002,0.023593208,0,False,b36afa1916e35361,7958531922b6f2c2
9ab01785416ceb38,top_25,two_corridor,abrupt,24,102,0,300,93,0.31,49,0.49,0.14958333333333335,0.07070035460992907,0.07070035460992907,1,6,6,92,67,0.000105834,0.000190292,0.000636834,0.007177206999999998,0.014580179000000002,0.024681958,0,False,685dc7caef553a78,7958531922b6f2c2
02ae456d2b1412d4,repair_all,two_corridor,abrupt,24,102,0,300,79,0.2633333333333333,42,0.42,0.17,0.0,0.0,1,24,20,79,58,0.000847583,0.0001995,0.002124334,0.006236665,0.014850372999999997,0.02641325,0,False,86d125d5c056aca3,7958531922b6f2c2
b009bc61132282a8,lazy_0,two_corridor,abrupt,24,103,0,300,65,0.21666666666666667,20,0.2,0.16666666666666666,0.5022163120567377,0.5022163120567377,1,0,0,65,51,0.000118083,0.000197084,0.0,0.005438747999999999,0.014273704000000019,0.021949042,0,False,6ed8ca3d4d099084,d222886c8be0bd92
f27a2b17f88186b0,random_25,two_corridor,abrupt,24,103,1701,300,108,0.36,46,0.46,0.14875,0.09109042553191489,0.09109042553191489,1,6,6,108,76,0.000113375,0.000197125,0.000639835,0.008091958999999998,0.015049794000000007,0.026142083,0,False,4cb0accdb69bf29b,d222886c8be0bd92
2dbbf45dcf68876c,random_25,two_corridor,abrupt,24,103,2903,300,119,0.39666666666666667,43,0.43,0.1625,0.09308510638297872,0.09308510638297872,1,6,5,117,78,0.00010575,0.0001995,0.0005329590000000001,0.008408291,0.015709279,0.026999875,0,False,2487901890d25f67,d222886c8be0bd92
5e2c7b81d558600a,random_25,two_corridor,abrupt,24,103,4307,300,97,0.3233333333333333,21,0.21,0.14791666666666667,0.40004432624113473,0.40004432624113473,1,6,6,97,72,0.000104041,0.0001955,0.000637042,0.007686624999999999,0.014506998999999993,0.025129334,0,False,bf21f8f78a6c3796,d222886c8be0bd92
eddd77ddc13346f4,top_25,two_corridor,abrupt,24,103,0,300,89,0.2966666666666667,43,0.43,0.17333333333333334,0.09663120567375887,0.09663120567375887,1,6,5,89,68,0.000106833,0.000196333,0.000546457,0.007261626,0.014932447999999997,0.025060833,0,False,da6055656d1ce81a,d222886c8be0bd92
63ac2b96f8fc6b23,repair_all,two_corridor,abrupt,24,103,0,300,82,0.2733333333333333,25,0.25,0.17833333333333334,0.0,0.0,1,22,20,82,61,0.000103792,0.000196666,0.0021192499999999996,0.006520627,0.01492278,0.025991,0,False,1f76769d47d43208,d222886c8be0bd92
6e3fd0f214d1b55f,lazy_0,two_corridor,recurring,24,100,0,300,107,0.3566666666666667,43,0.43,0.14541666666666667,0.47495791245791247,0.47495791245791247,2,0,0,107,77,0.000362667,0.000426792,0.0,0.008215417,0.015118964000000004,0.026161542,0,False,bacaba3d3a985f6e,8439409217862167
3dcd2111c9f62a76,random_25,two_corridor,recurring,24,100,1701,300,119,0.39666666666666667,55,0.55,0.14291666666666666,0.23337542087542087,0.23337542087542087,2,12,10,118,85,0.00022475000000000001,0.000399625,0.001057457,0.009077959000000002,0.015003996000000006,0.027874667,0,False,991ac200449c623f,8439409217862167
1edeea19057abfba,random_25,two_corridor,recurring,24,100,2903,300,79,0.2633333333333333,31,0.31,0.13208333333333333,0.4741161616161616,0.5606060606060606,2,12,12,79,67,0.000203041,0.000439166,0.0012796680000000003,0.0071940860000000014,0.014803158999999995,0.026035083,0,False,64ae0fea86e80dfa,8439409217862167
b977953d27a88b45,random_25,two_corridor,recurring,24,100,4307,300,40,0.13333333333333333,12,0.12,0.16791666666666666,0.4894781144781145,0.6060606060606061,2,12,12,40,36,0.000352166,0.000396834,0.0012642069999999998,0.0038995,0.014910278999999992,0.022886958,0,False,a8ab1d1b46e737bc,8439409217862167
5d9d228a2f4a4b8d,top_25,two_corridor,recurring,24,100,0,300,57,0.19,32,0.32,0.125,0.4711700336700337,0.5995370370370371,2,12,10,57,47,0.000202583,0.000408834,0.001057334,0.005081708000000001,0.014800822,0.023588542,0,False,63036f65a5a6a11e,8439409217862167
4226d47e98114c9b,repair_all,two_corridor,recurring,24,100,0,300,76,0.25333333333333335,26,0.26,0.195,0.0,0.0,2,48,44,76,57,0.00020933399999999998,0.000383625,0.004637083,0.006124791,0.014791578,0.028545209,0,False,46ce926099eb2190,8439409217862167
e6384cd99c8c6c29,lazy_0,two_corridor,recurring,24,101,0,300,117,0.39,48,0.48,0.14041666666666666,0.3062796208530806,0.3062796208530806,2,0,0,116,89,0.00023720799999999998,0.00044387500000000004,0.0,0.009591208,0.014597884000000002,0.026929833,0,False,9b495bd42545db9e,bf722685a906551d
9e0b7a37b1ed126b,random_25,two_corridor,recurring,24,101,1701,300,108,0.36,47,0.47,0.12041666666666667,0.21386255924170616,0.21386255924170616,2,12,12,108,87,0.000347418,0.00039504199999999996,0.00127225,0.009391575999999999,0.015250957,0.028798583,0,False,5db4ae21806cfce7,bf722685a906551d
f91ed7e3cda1841e,random_25,two_corridor,recurring,24,101,2903,300,95,0.31666666666666665,42,0.42,0.16541666666666666,0.3716429699842022,0.3716429699842022,2,12,12,95,75,0.000249875,0.000446417,0.0013049150000000002,0.010342872000000005,0.016845502999999987,0.031680542,0,False,9ccb0d9b7550e3ff,bf722685a906551d
c31cfc0c84262ae3,random_25,two_corridor,recurring,24,101,4307,300,85,0.2833333333333333,35,0.35,0.15541666666666668,0.2584913112164297,0.2584913112164297,2,12,12,85,67,0.000208125,0.000428375,0.001295708,0.007206332999999999,0.014774413000000009,0.026071083,0,False,0a999951f27122b4,bf722685a906551d
3a2f2af11186cc51,top_25,two_corridor,recurring,24,101,0,300,86,0.2866666666666667,34,0.34,0.16625,0.20339652448657186,0.20339652448657186,2,12,10,86,68,0.000219666,0.0004355,0.0010853730000000002,0.007530743,0.015580081,0.026996583,0,False,8accd518f9efdbf9,bf722685a906551d
b613342eff4a2c62,repair_all,two_corridor,recurring,24,101,0,300,79,0.2633333333333333,32,0.32,0.175,0.0,0.0,2,47,42,79,64,0.000218416,0.000412793,0.004392129999999999,0.006759580999999999,0.017015032,0.03115775,0,False,968b9469b1ba025e,bf722685a906551d
b5ae4d168ddb1834,lazy_0,two_corridor,recurring,24,102,0,300,39,0.13,24,0.24,0.14,0.8077519379844961,1.0728682170542636,2,0,0,39,36,0.000340417,0.000396126,0.0,0.003879833000000001,0.013704330999999995,0.020229292,0,True,1f7008c40f5e0fd9,b68258974b40edff
a3a6dcb33f2d9fcc,random_25,two_corridor,recurring,24,102,1701,300,68,0.22666666666666666,24,0.24,0.14875,0.4515503875968992,0.6217054263565891,2,12,12,68,61,0.00023745800000000002,0.000440749,0.001291541,0.006495583000000001,0.014626797,0.025172542,0,False,29e743621288e2f0,b68258974b40edff
55c541a191b8a5da,random_25,two_corridor,recurring,24,102,2903,300,123,0.41,57,0.57,0.14416666666666667,0.1684108527131783,0.1684108527131783,2,12,12,123,94,0.000206376,0.000383042,0.0012638760000000001,0.00998313,0.015067414000000001,0.029044416,0,False,a93ceb0427d300ca,b68258974b40edff
35ca066ad7d27a7d,random_25,two_corridor,recurring,24,102,4307,300,96,0.32,41,0.41,0.1125,0.5079457364341085,0.5135658914728682,2,12,11,95,77,0.00019608199999999998,0.000383959,0.00116425,0.008136119999999998,0.014441370999999996,0.026487791,0,False,2715fa9d41555594,b68258974b40edff
df651b7c77809362,top_25,two_corridor,recurring,24,102,0,300,88,0.29333333333333333,49,0.49,0.17333333333333334,0.22209302325581395,0.22209302325581395,2,12,11,88,73,0.000328333,0.000424751,0.001172753,0.007733084,0.014601713000000007,0.026366667,0,False,b4d9d4514967bc11,b68258974b40edff
0be6e47e619cdc05,repair_all,two_corridor,recurring,24,102,0,300,49,0.16333333333333333,25,0.25,0.16958333333333334,0.0,0.0,2,48,46,49,44,0.000204666,0.000399375,0.004840374,0.004686375000000001,0.015207751000000004,0.027710916,0,False,73b6205a70ba5eaf,b68258974b40edff
7252f3c7adaa0cb2,lazy_0,two_corridor,recurring,24,103,0,300,131,0.43666666666666665,37,0.37,0.13166666666666665,0.41414728682170543,0.48217054263565895,2,0,0,131,98,0.000202958,0.000416417,0.0,0.010393914999999995,0.014809910000000003,0.02785075,0,False,95ff00c29eb73378,033ca7d1d1d369ef
c9a83bcd65cc76aa,random_25,two_corridor,recurring,24,103,1701,300,107,0.3566666666666667,35,0.35,0.10875,0.4697674418604651,0.4697674418604651,2,12,11,107,83,0.000206792,0.000423958,0.001210043,0.008808380000000001,0.014543570999999993,0.027291416,0,False,44842e05b5a3761a,033ca7d1d1d369ef
1a3f8a178f486c85,random_25,two_corridor,recurring,24,103,2903,300,90,0.3,25,0.25,0.14958333333333335,0.49089147286821705,0.5079457364341085,2,12,12,90,72,0.000343875,0.000407042,0.00126208,0.007582627999999999,0.013897539999999995,0.025536584,0,False,a82ea76b249edf97,033ca7d1d1d369ef
2b21c9b23e17c5c3,random_25,two_corridor,recurring,24,103,4307,300,116,0.38666666666666666,58,0.58,0.14416666666666667,0.14457364341085271,0.14457364341085271,2,12,12,116,89,0.000362626,0.000386334,0.00127079,0.009404616000000003,0.015088119,0.0286455,0,False,f84471857cb7d65d,033ca7d1d1d369ef
370ea9e9acc98cb4,top_25,two_corridor,recurring,24,103,0,300,98,0.32666666666666666,21,0.21,0.16708333333333333,0.31259689922480616,0.31259689922480616,2,12,11,97,73,0.00020887500000000002,0.000388249,0.001182207,0.00781,0.014794840000000007,0.026534791,0,False,e54d9dcbbce582d1,033ca7d1d1d369ef
8e2b820bed25a882,repair_all,two_corridor,recurring,24,103,0,300,86,0.2866666666666667,37,0.37,0.14791666666666667,0.0,0.0,2,48,43,86,69,0.000206791,0.000416542,0.004632250000000001,0.0073448359999999996,0.014983413999999992,0.030041333,0,False,12659539f0a303e2,033ca7d1d1d369ef
8a68df836a1d3e4c,lazy_0,three_corridor,abrupt,24,100,0,300,149,0.49666666666666665,55,0.55,0.1,0.2317538126361656,0.2317538126361656,1,0,0,149,92,0.000109292,0.000181042,0.0,0.009945418,0.014679009000000008,0.026862875,0,False,0b5b76ba321813a2,ffd85dfa12535970
2ecf523e3aac9d40,random_25,three_corridor,abrupt,24,100,1701,300,136,0.4533333333333333,63,0.63,0.12666666666666668,0.12282135076252725,0.12282135076252725,1,6,6,136,84,0.00011025,0.000181291,0.0006449180000000001,0.009083662000000003,0.014427407000000003,0.026387958,0,False,9045f87bf9683185,ffd85dfa12535970
c9d0fe258bd0ac3c,random_25,three_corridor,abrupt,24,100,2903,300,134,0.44666666666666666,51,0.51,0.12375,0.1122004357298475,0.1122004357298475,1,6,6,134,80,0.000304459,0.000186583,0.000656833,0.008759038000000005,0.014548466000000008,0.026524542,0,False,8da354e6fcf88d1f,ffd85dfa12535970
60036c045e83df9f,random_25,three_corridor,abrupt,24,100,4307,300,146,0.4866666666666667,57,0.57,0.12291666666666666,0.1056644880174292,0.1056644880174292,1,6,6,145,87,0.000116209,0.000181167,0.000640292,0.009344124,0.01434674600000001,0.026631,0,False,b6e030cc631648e5,ffd85dfa12535970
0d00215e0dbbf59c,top_25,three_corridor,abrupt,24,100,0,300,131,0.43666666666666665,51,0.51,0.13791666666666666,0.144880174291939,0.144880174291939,1,6,5,131,86,0.000109333,0.000181333,0.000533375,0.009237160000000005,0.014839586999999996,0.026844292,0,False,c50322678a8eb518,ffd85dfa12535970
ba6fb233b259db51,repair_all,three_corridor,abrupt,24,100,0,300,119,0.39666666666666667,28,0.28,0.1625,0.0,0.0,1,24,19,119,77,0.000110792,0.000186208,0.0020260449999999998,0.008314830999999998,0.014520455,0.0272475,0,False,c34785654b924f5e,ffd85dfa12535970
7a5390320bc44203,lazy_0,three_corridor,abrupt,24,101,0,300,62,0.20666666666666667,21,0.21,0.12458333333333334,0.39305555555555555,0.39305555555555555,1,0,0,62,43,0.000108,0.000165542,0.0,0.0046644189999999995,0.013966465000000006,0.020766792,0,False,a93c1582593d1cd5,a28da83d31a043fa
b4e77447fe8ed7b7,random_25,three_corridor,abrupt,24,101,1701,300,112,0.37333333333333335,44,0.44,0.14166666666666666,0.07314814814814814,0.07314814814814814,1,6,6,112,71,0.000105375,0.000163458,0.000663583,0.007679088000000001,0.014540708,0.025152583,0,False,abc1ffa7016e42c2,a28da83d31a043fa
af59339dac3d5bb4,random_25,three_corridor,abrupt,24,101,2903,300,79,0.2633333333333333,32,0.32,0.155,0.08611111111111111,0.08611111111111111,1,6,6,79,54,0.000109666,0.000163875,0.000665001,0.005910576000000002,0.014329535999999995,0.023150375,0,False,42fa708d554d6e71,a28da83d31a043fa
40b43f1560032521,random_25,three_corridor,abrupt,24,101,4307,300,117,0.39,54,0.54,0.11708333333333333,0.09513888888888888,0.09513888888888888,1,6,6,117,73,0.000106834,0.000161834,0.000646708,0.007936999999999998,0.014471954,0.025299166,0,False,d33bd90eb1512eaf,a28da83d31a043fa
e4d0240c1ecac253,top_25,three_corridor,abrupt,24,101,0,300,129,0.43,68,0.68,0.11958333333333333,0.09606481481481483,0.09606481481481483,1,6,6,129,77,0.000109084,0.0001625,0.0006449580000000001,0.008321793000000001,0.014216042999999996,0.0254655,0,False,72b06cf0786ff4b3,a28da83d31a043fa
6f35d674af3fc12b,repair_all,three_corridor,abrupt,24,101,0,300,119,0.39666666666666667,48,0.48,0.15125,0.0,0.0,1,24,22,118,72,0.000118208,0.000162834,0.002379749,0.007736582,0.014866172000000006,0.027413583,0,False,2e2059309cbf0b4d,a28da83d31a043fa
51d1406a099a9f41,lazy_0,three_corridor,abrupt,24,102,0,300,106,0.35333333333333333,58,0.58,0.12625,0.15625,0.15625,1,0,0,105,64,0.0001055,0.000151667,0.0,0.006882040999999999,0.014217667000000002,0.023297791,0,False,9470cc26d62f2f99,7958531922b6f2c2
c3f46b9b426c354d,random_25,three_corridor,abrupt,24,102,1701,300,115,0.38333333333333336,67,0.67,0.12625,0.07203014184397163,0.07203014184397163,1,6,6,115,67,0.000107959,0.000151416,0.000676208,0.007283080999999999,0.014384750000000002,0.024703667,0,False,2ac668602f7ac034,7958531922b6f2c2
4727984c78acea12,random_25,three_corridor,abrupt,24,102,2903,300,83,0.27666666666666667,43,0.43,0.12333333333333334,0.1702127659574468,0.1702127659574468,1,6,6,83,56,0.00010425,0.000153459,0.0006387090000000001,0.006126462,0.014438673999999993,0.023425375,0,False,484efbaa0e1c5910,7958531922b6f2c2
43720e03a6ad7ddb,random_25,three_corridor,abrupt,24,102,4307,300,88,0.29333333333333333,47,0.47,0.13375,0.10904255319148937,0.10904255319148937,1,6,5,86,58,0.00010325,0.000152375,0.000534791,0.006305339000000001,0.014381592000000002,0.023504417,0,False,0daa18b299c08616,7958531922b6f2c2
efe27a2de18e0701,top_25,three_corridor,abrupt,24,102,0,300,97,0.3233333333333333,44,0.44,0.1325,0.18439716312056736,0.18439716312056736,1,6,6,97,59,0.000104709,0.000158334,0.000649375,0.0064020859999999995,0.014126295000000004,0.023423209,0,False,faa74d05c9b791cc,7958531922b6f2c2
d3ccb734e74ad98d,repair_all,three_corridor,abrupt,24,102,0,300,102,0.34,54,0.54,0.15083333333333335,0.0,0.0,1,24,20,101,62,0.00010325,0.000149958,0.002150247,0.006750584,0.014132577999999993,0.025376125,0,False,129d693ca023e3ab,7958531922b6f2c2
ba7eb589ae5b2372,lazy_0,three_corridor,abrupt,24,103,0,300,114,0.38,44,0.44,0.16416666666666666,0.2398049645390071,0.2398049645390071,1,0,0,114,79,0.000737375,0.000156375,0.0,0.008571872000000003,0.014335917999999991,0.025760709,0,False,b2738aeab21af7b2,d222886c8be0bd92
63120a7c075edc8d,random_25,three_corridor,abrupt,24,103,1701,300,111,0.37,41,0.41,0.16125,0.1276595744680851,0.1276595744680851,1,6,6,111,77,0.000107916,0.0001505,0.000661959,0.008370251,0.014513465999999994,0.0257955,0,False,f00dcc540864f22f,d222886c8be0bd92
6acb3c24e47aff41,random_25,three_corridor,abrupt,24,103,2903,300,111,0.37,42,0.42,0.13541666666666666,0.19171099290780141,0.19171099290780141,1,6,6,110,78,0.000113792,0.0001495,0.000644999,0.008494999000000001,0.014583416000000007,0.026024125,0,False,5de62b061cb69558,d222886c8be0bd92
076beb8c7614c571,random_25,three_corridor,abrupt,24,103,4307,300,74,0.24666666666666667,26,0.26,0.13291666666666666,0.12632978723404256,0.12632978723404256,1,6,6,73,59,0.000105959,0.000149125,0.0006432499999999999,0.006498500000000003,0.014408827000000003,0.023783292,0,False,d2a918215616a607,d222886c8be0bd92
d2d9ca329a6059ea,top_25,three_corridor,abrupt,24,103,0,300,104,0.3466666666666667,34,0.34,0.14916666666666667,0.1281028368794326,0.1281028368794326,1,6,6,104,73,0.000104084,0.000151333,0.000640667,0.007879918,0.014263822999999985,0.025032958,0,False,2aca843fa5e18de5,d222886c8be0bd92
d2ddef80f83297cd,repair_all,three_corridor,abrupt,24,103,0,300,128,0.4266666666666667,43,0.43,0.14708333333333334,0.0,0.0,1,23,22,128,83,0.000102292,0.000146833,0.0024004179999999996,0.009001083000000002,0.014382448000000004,0.028217833,0,False,12cb338f52c768ac,d222886c8be0bd92
17c3176113f03427,lazy_0,three_corridor,recurring,24,100,0,300,159,0.53,76,0.76,0.12041666666666667,0.22748316498316498,0.22748316498316498,2,0,0,158,108,0.000257541,0.000290292,0.0,0.011645667000000004,0.014253748999999998,0.028450625,0,False,8248e41328871f90,8439409217862167
c55b6e9449222833,random_25,three_corridor,recurring,24,100,1701,300,137,0.45666666666666667,56,0.56,0.13833333333333334,0.10458754208754208,0.10458754208754208,2,12,12,137,103,0.000210626,0.000246083,0.001288836,0.011071205000000006,0.015001301000000005,0.029914583,0,False,9514b475fb011c27,8439409217862167
f1858c17a123181e,random_25,three_corridor,recurring,24,100,2903,300,105,0.35,50,0.5,0.13,0.3209175084175084,0.3209175084175084,2,12,12,104,81,0.000214458,0.000293834,0.001307084,0.008727582999999999,0.014381406999999999,0.026989541,0,False,d3d1ad828540896b,8439409217862167
fefc97a1aaacdef3,random_25,three_corridor,recurring,24,100,4307,300,148,0.49333333333333335,76,0.76,0.12041666666666667,0.13468013468013468,0.13468013468013468,2,12,11,148,102,0.00021458399999999998,0.00028937500000000003,0.001191333,0.011159833999999999,0.014548830999999993,0.029554666,0,False,62faa2213a38ca89,8439409217862167
55d8959d4325e713,top_25,three_corridor,recurring,24,100,0,300,150,0.5,60,0.6,0.12791666666666668,0.15614478114478114,0.15614478114478114,2,12,12,150,107,0.000209167,0.000279582,0.0013034140000000001,0.011723827000000001,0.014712796999999996,0.030380125,0,False,f37ece9f720b6ded,8439409217862167
c301c47e4138d537,repair_all,three_corridor,recurring,24,100,0,300,137,0.45666666666666667,61,0.61,0.11583333333333333,0.0,0.0,2,47,43,136,96,0.000214917,0.00027145800000000003,0.004625791,0.010363544000000008,0.014497870000000012,0.032287083,0,False,d1f00f221bb1ae91,8439409217862167
b91388c8412e72e7,lazy_0,three_corridor,recurring,24,101,0,300,72,0.24,47,0.47,0.10541666666666667,0.5979462875197472,0.5979462875197472,2,0,0,72,53,0.000209333,0.000337624,0.0,0.005684463000000001,0.01410079400000001,0.022295,0,False,ac52597122ffd06e,bf722685a906551d
e6e1260ba169b528,random_25,three_corridor,recurring,24,101,1701,300,130,0.43333333333333335,57,0.57,0.13458333333333333,0.29798578199052134,0.3149684044233807,2,12,11,130,93,0.00021,0.000304583,0.001179956,0.010030538000000002,0.014092085000000011,0.027910458,0,False,f57a56aac589cea5,bf722685a906551d
46b46ffd1ddaa14a,random_25,three_corridor,recurring,24,101,2903,300,112,0.37333333333333335,46,0.46,0.12791666666666668,0.17476303317535544,0.17476303317535544,2,12,12,110,82,0.00034849999999999996,0.000293,0.0013037909999999999,0.008860377999999999,0.014573292999999992,0.02747275,0,False,07f23eed1601e1e1,bf722685a906551d
db3e8605d4b3025b,random_25,three_corridor,recurring,24,101,4307,300,101,0.33666666666666667,50,0.5,0.15208333333333332,0.28672985781990523,0.3062796208530806,2,12,12,101,77,0.00020729199999999998,0.000332542,0.001301626,0.008260167000000004,0.014249666000000006,0.026482166,0,False,e28bd8920e146182,bf722685a906551d
341f0f163c2c236a,top_25,three_corridor,recurring,24,101,0,300,114,0.38,57,0.57,0.12916666666666668,0.271129541864139,0.271129541864139,2,12,11,113,81,0.00021175000000000002,0.000320291,0.001259289,0.008737912999999998,0.014259913,0.026942167,0,False,b218316da05f7b0f,bf722685a906551d
a423a9ef4cc1818c,repair_all,three_corridor,recurring,24,101,0,300,131,0.43666666666666665,41,0.41,0.13916666666666666,0.0,0.0,2,48,41,131,92,0.00036820799999999997,0.000325083,0.004406086,0.009983750999999994,0.014711660999999985,0.032254959,0,False,7b88ec0800dd503a,bf722685a906551d
50e422ce12744450,lazy_0,three_corridor,recurring,24,102,0,300,85,0.2833333333333333,41,0.41,0.11791666666666667,0.46531007751937986,0.5974806201550388,2,0,0,85,69,0.000215667,0.00038033299999999995,0.0,0.007495285999999996,0.014402083000000005,0.024513584,0,False,279c9249daa382c8,b68258974b40edff
c68bcc3dd9671a4e,random_25,three_corridor,recurring,24,102,1701,300,51,0.17,24,0.24,0.14083333333333334,0.37209302325581395,0.3994186046511628,2,12,12,51,40,0.000206042,0.00035554200000000003,0.0012851680000000002,0.004423502000000001,0.01401696900000001,0.022367208,0,False,4615e44cc0fb0e2e,b68258974b40edff
2aaa3020cd1b8964,random_25,three_corridor,recurring,24,102,2903,300,87,0.29,24,0.24,0.11666666666666667,0.3019379844961241,0.313953488372093,2,12,12,86,67,0.000335208,0.00037112500000000004,0.001300919,0.007232788,0.013865055999999994,0.025198542,0,False,96a58151c72efe56,b68258974b40edff
7a048b54bb1ae0ff,random_25,three_corridor,recurring,24,102,4307,300,95,0.31666666666666665,49,0.49,0.12875,0.26879844961240307,0.26879844961240307,2,12,12,94,76,0.0002085,0.000367458,0.001287542,0.008143374000000002,0.014782138000000002,0.02690575,0,False,7d9ab8ffeac9d1a3,b68258974b40edff
e6c08562ef697575,top_25,three_corridor,recurring,24,102,0,300,92,0.30666666666666664,46,0.46,0.11166666666666666,0.26531007751937985,0.26531007751937985,2,12,12,91,75,0.000613791,0.00037066599999999996,0.001320874,0.008110041999999998,0.014023827000000013,0.026586709,0,False,76190e0cf170275f,b68258974b40edff
f83792fa49d1d80e,repair_all,three_corridor,recurring,24,102,0,300,130,0.43333333333333335,53,0.53,0.14625,0.0,0.0,2,46,39,130,98,0.000208082,0.00033516700000000004,0.004194962,0.010789418999999995,0.014555796999999994,0.03250375,0,False,595824d886f84cb5,b68258974b40edff
1be956d864b83f66,lazy_0,three_corridor,recurring,24,103,0,300,104,0.3466666666666667,48,0.48,0.1125,0.2796511627906977,0.2796511627906977,2,0,0,103,87,0.000358084,0.00033712499999999997,0.0,0.009371207,0.014370992000000008,0.026452625,0,False,017fec3e248631de,033ca7d1d1d369ef
a09a183639eef064,random_25,three_corridor,recurring,24,103,1701,300,112,0.37333333333333335,51,0.51,0.12333333333333334,0.22228682170542635,0.22228682170542635,2,12,12,111,91,0.000212375,0.00032529200000000003,0.0012881669999999998,0.009883707999999998,0.014611551,0.028431959,0,False,44a716572a7db735,033ca7d1d1d369ef
d10fb3a79583ac5f,random_25,three_corridor,recurring,24,103,2903,300,146,0.4866666666666667,59,0.59,0.13166666666666665,0.13275193798449614,0.13275193798449614,2,12,11,145,111,0.000215334,0.000286292,0.001188541,0.012008588,0.014587122999999995,0.030482416,0,False,59489608de7f3847,033ca7d1d1d369ef
a82385f7749ef08a,random_25,three_corridor,recurring,24,103,4307,300,134,0.44666666666666666,68,0.68,0.115,0.1939922480620155,0.1939922480620155,2,12,12,134,101,0.000207459,0.00032004099999999997,0.001311961,0.010996916,0.01435574700000001,0.029322708,0,False,ada450d2b56d263a,033ca7d1d1d369ef
3ac9f7f6c65afe04,top_25,three_corridor,recurring,24,103,0,300,119,0.39666666666666667,57,0.57,0.12666666666666668,0.1874031007751938,0.1874031007751938,2,12,12,119,93,0.000224667,0.000316709,0.001344085,0.010104957000000001,0.015090467999999985,0.029275459,0,False,7718b139bc83c985,033ca7d1d1d369ef
8ecc7fb04a881727,repair_all,three_corridor,recurring,24,103,0,300,113,0.37666666666666665,51,0.51,0.13625,0.0,0.0,2,46,44,113,85,0.00022958400000000002,0.000324917,0.004727666000000001,0.009206956000000002,0.01450753300000001,0.0313885,0,False,0e0bebd5cf9fe39e,033ca7d1d1d369ef
